1;Emma;Pestin;Emma_Pestin@Hotmail.com;
2;Luna;Larsson;Luna.Larsson@outlook.com;
3;Jesper;Testsson;JesperT@Testsson.se;
4;Svetlana;Ohlsson;SvetaOhl@live.se;
5;Frank;Polishen;FrankPolish@live.com;
6;Adam;Eriksson;AdamErik@outlook.se;
7;Kalle;Ölond;Ölond@Ölond.se;
8;Jonathan;Lindström;JonathanLind@hotmail.se;
9;Britta;Nyhammar;Britta@Nyhammar.se;
10;Per;Malmgren;PelleMalmgren@Outlook.com;
11;Erik;Bäckenström;ErikBäckenström@hej.se;
12;Stefan;Askim;Stefan@Askin.se;
13;Frida;Nybäck;Ny@Nybäck.se;
